"ensembl_gene_id","log2fc","p_value"
"M6PR",-0.017466196,0.937887005
"ISOC2",-0.032061127,0.89794552
"MBD3",-0.147510664,0.519119349
